,index,Latitude,City,Country,Longitude,Max Temperature (F),Humidity (%),Cloudiness (%),Wind Speed (mph),Date
0,0,-6.98,cabedelo,br,-34.83,84.2,70.0,75.0,11.41,1579897035
1,1,-20.73,mount isa,au,139.5,77.0,94.0,90.0,8.05,1579896813
2,2,-9.8,atuona,pf,-139.03,80.71,75.0,21.0,12.15,1579897036
3,3,-2.02,lorengau,pg,147.27,83.62,68.0,9.0,5.19,1579897036
4,4,-10.75,tinyahuarco,pe,-76.3,39.79,91.0,100.0,5.08,1579897036
5,5,-21.69,moindou,nc,165.68,71.6,83.0,90.0,2.24,1579897036
6,6,57.79,kodiak,us,-152.41,15.8,56.0,1.0,11.41,1579897036
7,7,-9.67,maceio,br,-35.74,82.4,69.0,75.0,12.75,1579896782
8,8,55.1,la ronge,ca,-105.28,26.6,73.0,20.0,3.36,1579897036
9,9,-21.15,saint-leu,re,55.28,78.8,100.0,100.0,20.8,1579897037
10,10,4.12,xuddur,so,43.89,79.84,63.0,100.0,16.4,1579897037
11,11,-15.94,jamestown,sh,-5.72,74.25,71.0,98.0,8.3,1579897026
12,12,71.92,saskylakh,ru,114.08,-27.15,91.0,100.0,24.07,1579897037
13,13,45.95,fredericton,ca,-66.67,34.0,89.0,1.0,4.7,1579897037
14,14,53.04,trzcianka,pl,16.46,36.93,79.0,100.0,11.07,1579897037
15,15,-42.88,hobart,au,147.33,60.8,51.0,75.0,12.75,1579897037
16,16,42.97,tumen,cn,129.84,4.01,73.0,58.0,3.36,1579897037
17,17,69.7,pevek,ru,170.31,-27.85,97.0,0.0,1.14,1579896392
18,18,37.73,ponta delgada,pt,-25.67,55.4,76.0,75.0,6.93,1579897038
19,19,-9.2,bukama,cd,25.85,71.91,90.0,100.0,1.5,1579897038
20,20,-35.02,albany,au,117.89,60.8,87.0,90.0,5.82,1579897038
21,21,-33.93,cape town,za,18.42,69.01,93.0,75.0,11.41,1579897038
22,22,-0.6,hithadhoo,mv,73.08,83.57,77.0,67.0,11.56,1579896884
23,23,25.02,umm lajj,sa,37.27,56.53,64.0,0.0,8.75,1579897038
24,24,37.46,half moon bay,us,-122.43,66.0,87.0,1.0,9.17,1579897038
25,25,-16.62,camana,pe,-72.71,68.09,83.0,100.0,9.66,1579897038
26,26,-24.87,carnarvon,au,113.63,77.0,69.0,0.0,13.87,1579897038
27,27,-42.78,new norfolk,au,147.06,60.8,51.0,75.0,12.75,1579897038
28,28,29.27,jumla,np,82.18,21.74,46.0,0.0,5.86,1579897038
29,29,-9.01,maragogi,br,-35.22,82.02,76.0,100.0,13.58,1579897039
30,30,-54.8,ushuaia,ar,-68.3,57.2,54.0,40.0,6.98,1579896747
31,31,70.63,chokurdakh,ru,147.92,-35.07,93.0,0.0,4.14,1579896494
32,32,-0.97,barcelos,br,-62.92,88.5,62.0,82.0,2.44,1579897039
33,33,52.14,dingle,ie,-10.27,44.6,87.0,75.0,2.24,1579897039
34,34,-46.6,bluff,nz,168.33,59.0,96.0,100.0,7.0,1579897039
35,35,63.75,iqaluit,ca,-68.51,-23.01,61.0,20.0,13.87,1579896317
36,36,66.83,yar-sale,ru,70.83,4.84,96.0,86.0,4.85,1579896814
37,37,-38.0,mar del plata,ar,-57.56,84.2,54.0,40.0,18.34,1579896887
38,38,20.0,tombouctou,ml,-3.0,82.0,9.0,100.0,11.14,1579897040
39,39,-23.12,rikitea,pf,-134.97,78.39,76.0,0.0,16.31,1579897040
40,40,69.45,tuktoyaktuk,ca,-133.04,-2.2,77.0,90.0,10.29,1579897190
41,41,-33.65,busselton,au,115.33,57.0,85.0,37.0,1.01,1579897190
42,42,28.66,los llanos de aridane,es,-17.92,64.0,67.0,20.0,6.93,1579897191
43,43,-28.87,ballina,au,153.57,78.8,88.0,90.0,8.05,1579897191
44,44,62.88,seymchan,ru,152.43,-35.05,97.0,89.0,3.78,1579897191
45,45,46.36,brainerd,us,-94.2,32.0,74.0,90.0,8.05,1579897191
46,46,5.49,la primavera,co,-70.41,96.48,29.0,99.0,10.09,1579897192
47,47,34.64,lompoc,us,-120.46,72.0,46.0,1.0,6.93,1579896653
48,48,-9.54,malanje,ao,16.34,65.61,95.0,98.0,5.26,1579897194
49,49,71.29,barrow,us,-156.79,-20.2,75.0,1.0,8.05,1579897125
50,50,5.95,matara,lk,80.54,73.13,86.0,1.0,7.87,1579897195
51,51,-37.62,lebu,cl,-73.65,68.14,37.0,0.0,12.64,1579897195
52,52,49.78,chapais,ca,-74.85,14.0,78.0,1.0,5.82,1579897061
53,53,-26.65,luderitz,na,15.16,71.6,73.0,0.0,8.05,1579897196
54,54,-34.42,hermanus,za,19.23,68.0,90.0,0.0,16.22,1579897197
55,55,-21.2,vaini,to,-175.2,80.6,78.0,20.0,11.41,1579897197
56,56,-8.14,buala,sb,159.59,82.2,76.0,51.0,6.4,1579897197
57,57,70.47,clyde river,ca,-68.59,-16.6,75.0,75.0,14.99,1579897197
58,58,-33.02,east london,za,27.91,75.58,80.0,93.0,10.0,1579896808
59,59,18.22,abha,sa,42.51,51.8,87.0,20.0,4.7,1579897197
60,60,21.44,ahuimanu,us,-157.84,78.01,69.0,20.0,3.71,1579897197
61,61,35.13,katsuura,jp,140.3,46.4,45.0,75.0,19.46,1579896545
62,62,48.83,emba,kz,58.14,5.49,97.0,81.0,9.35,1579897198
63,63,4.14,meulaboh,id,96.13,82.92,74.0,74.0,1.16,1579897198
64,64,-0.74,puerto ayora,ec,-90.35,86.0,58.0,20.0,19.46,1579897198
65,65,31.77,jiangyou,cn,104.72,30.78,94.0,50.0,0.78,1579897198
66,66,-10.26,luwingu,zm,29.93,64.24,96.0,100.0,2.3,1579897198
67,67,13.48,essau,gm,-16.53,80.6,44.0,25.0,10.29,1579897198
68,68,16.6,santa maria,cv,-22.9,75.2,78.0,20.0,13.87,1579896905
69,69,-33.87,esperance,au,121.9,60.8,100.0,90.0,1.12,1579896915
70,70,-33.92,port elizabeth,za,25.57,69.8,83.0,21.0,5.82,1579896904
71,71,40.6,fortuna,us,-124.16,61.0,67.0,1.0,3.36,1579897199
72,72,3.07,butaritari,ki,172.79,84.31,71.0,100.0,5.32,1579897199
73,73,38.52,ribeira grande,pt,-28.7,59.0,72.0,75.0,4.7,1579897199
74,74,13.59,acajutla,sv,-89.83,87.8,35.0,20.0,2.24,1579897199
75,75,65.61,tasiilaq,gl,-37.64,19.4,52.0,100.0,27.51,1579897199
76,76,64.38,provideniya,ru,-173.3,-9.83,97.0,94.0,4.97,1579897199
77,77,63.91,onega,ru,38.14,24.12,96.0,100.0,12.59,1579897199
78,78,55.91,borodino,ru,94.9,30.83,79.0,100.0,11.36,1579897199
79,79,-32.25,kwinana,au,115.77,64.99,82.0,47.0,9.17,1579897200
80,80,-22.97,arraial do cabo,br,-42.03,75.2,83.0,90.0,4.7,1579897200
81,81,-34.53,bredasdorp,za,20.04,68.0,88.0,28.0,1.12,1579897086
82,82,-42.47,castro,cl,-73.77,64.4,59.0,75.0,16.11,1579897200
83,83,8.12,ciudad bolivar,ve,-63.55,92.88,31.0,0.0,7.54,1579896929
84,84,2.67,kudahuvadhoo,mv,72.89,82.49,82.0,100.0,19.17,1579897200
85,85,29.97,sakakah,sa,40.21,41.0,75.0,20.0,12.75,1579897200
86,86,59.7,nikolskoye,ru,30.79,35.01,86.0,75.0,11.18,1579897202
87,87,61.67,baykit,ru,96.37,9.1,97.0,100.0,2.33,1579897202
88,88,-21.8,rio brilhante,br,-54.55,81.21,73.0,40.0,6.8,1579897202
89,89,20.93,nouadhibou,mr,-17.03,66.2,68.0,100.0,10.29,1579896652
90,90,31.35,marsa matruh,eg,27.25,53.6,58.0,75.0,8.05,1579897277
91,91,8.37,dabakala,ci,-4.43,79.09,12.0,67.0,3.87,1579897278
92,92,68.05,bilibino,ru,166.44,-18.69,71.0,100.0,2.44,1579896983
93,93,33.73,shingu,jp,135.98,48.45,67.0,76.0,8.28,1579897278
94,94,-10.45,kirakira,sb,161.92,80.1,78.0,51.0,3.06,1579897117
95,95,-53.15,punta arenas,cl,-70.92,48.2,87.0,90.0,4.7,1579897278
96,96,31.63,marrakesh,ma,-8.01,55.4,62.0,25.0,4.7,1579897278
97,97,65.58,lavrentiya,ru,-171.0,-16.02,78.0,0.0,3.58,1579897113
98,98,62.46,yellowknife,ca,-114.35,3.2,84.0,40.0,8.05,1579897243
99,99,53.19,khuzhir,ru,107.34,14.11,82.0,75.0,5.41,1579897280
100,100,73.51,dikson,ru,80.55,-5.03,96.0,100.0,10.58,1579897281
101,101,52.73,kizilskoye,ru,58.89,2.32,90.0,0.0,9.55,1579897282
102,102,-11.66,lubumbashi,cd,27.48,65.79,94.0,100.0,1.99,1579897282
103,103,-0.18,tucuma,br,-50.05,79.05,89.0,100.0,8.57,1579897282
104,104,-30.18,cidreira,br,-50.21,73.9,77.0,0.0,12.55,1579897283
105,105,-0.95,padang,id,100.35,67.89,94.0,3.0,4.52,1579897227
106,106,12.48,oussouye,sn,-16.55,84.2,51.0,0.0,4.7,1579897284
107,107,5.35,hobyo,so,48.53,79.05,81.0,26.0,19.53,1579897284
108,108,-45.58,coihaique,cl,-72.07,68.0,52.0,75.0,8.05,1579897284
109,109,-33.59,port alfred,za,26.89,73.99,76.0,78.0,8.01,1579897284
110,110,3.53,nola,cf,16.04,65.91,26.0,96.0,0.89,1579897284
111,111,40.73,kuandian,cn,124.78,12.49,78.0,0.0,5.97,1579897284
112,112,-18.94,patrocinio,br,-46.99,75.2,83.0,75.0,4.7,1579897284
113,113,-23.7,alice springs,au,133.88,73.4,27.0,11.0,5.82,1579897284
114,114,52.3,pavlodar,kz,76.95,28.4,100.0,90.0,13.42,1579897287
115,115,39.77,marion,us,-86.16,44.6,93.0,90.0,3.36,1579897186
116,116,-29.95,coquimbo,cl,-71.34,75.2,57.0,1.0,13.87,1579897288
117,117,64.92,tarko-sale,ru,77.78,8.01,88.0,100.0,13.71,1579897288
118,118,11.62,calbiga,ph,125.02,73.06,97.0,13.0,3.04,1579897288
119,119,-35.72,batemans bay,au,150.18,66.0,82.0,96.0,1.1,1579897288
120,120,70.37,vardo,no,31.11,26.6,63.0,20.0,14.99,1579896732
121,121,32.29,hamilton,bm,-64.78,70.0,83.0,75.0,17.22,1579897289
122,122,35.17,nador,ma,-2.93,57.99,82.0,0.0,4.7,1579897289
123,123,36.62,pacific grove,us,-121.92,66.99,55.0,1.0,6.93,1579897289
124,124,29.58,tiznit,ma,-9.5,52.18,71.0,87.0,1.9,1579897289
125,125,11.28,bubaque,gw,-15.83,78.73,68.0,91.0,12.33,1579897289
126,126,41.37,bethel,us,-73.41,51.8,20.0,1.0,6.93,1579897077
127,127,65.75,zyryanka,ru,150.85,-27.83,98.0,100.0,4.07,1579897289
128,128,19.22,san patricio,mx,-104.7,86.0,74.0,40.0,9.17,1579896817
129,129,-21.21,avarua,ck,-159.78,82.4,88.0,90.0,8.05,1579897104
130,130,66.04,husavik,is,-17.34,28.4,86.0,40.0,9.17,1579897291
131,131,66.32,egvekinot,ru,-179.17,-10.34,92.0,43.0,3.94,1579897291
132,132,22.08,kapaa,us,-159.32,75.99,69.0,1.0,3.36,1579897292
133,133,-24.45,pilane,bw,26.13,68.0,88.0,75.0,5.82,1579897292
134,134,56.19,alnashi,ru,52.48,11.37,93.0,100.0,10.38,1579897292
135,135,66.0,aykhal,ru,111.5,-27.4,82.0,100.0,6.71,1579897292
136,136,19.73,hilo,us,-155.09,80.6,57.0,90.0,6.58,1579897292
137,137,-20.33,vila velha,br,-40.29,79.0,94.0,90.0,14.99,1579897012
138,138,68.05,ostrovnoy,ru,39.51,12.25,92.0,100.0,8.7,1579897110
139,139,-41.41,waipawa,nz,175.52,64.4,77.0,33.0,21.92,1579897140
140,140,-7.93,georgetown,sh,-14.42,78.35,81.0,73.0,17.11,1579897293
141,141,5.38,sinnamary,gf,-52.95,79.12,81.0,56.0,13.09,1579897293
142,142,77.48,qaanaaq,gl,-69.36,-8.28,52.0,0.0,9.48,1579897293
143,143,43.06,oktyabrskoye,ru,44.74,16.29,50.0,0.0,3.04,1579897293
144,144,26.0,turbat,pk,63.04,64.36,71.0,0.0,2.8,1579897293
145,145,62.16,vestmanna,fo,-7.17,39.2,86.0,100.0,11.41,1579897294
146,146,21.48,san felipe,mx,-101.22,71.6,30.0,40.0,9.17,1579897294
147,147,22.57,sur,om,59.53,68.16,76.0,35.0,2.42,1579897294
148,148,50.68,severo-kurilsk,ru,156.12,14.4,88.0,77.0,30.6,1579897295
149,149,-46.28,kaitangata,nz,169.85,69.01,68.0,100.0,14.36,1579897296
150,150,51.32,kamenka,ru,42.77,28.0,85.0,100.0,18.75,1579897145
151,151,21.28,dzilam gonzalez,mx,-88.93,73.06,73.0,66.0,13.09,1579897297
152,152,-34.0,kruisfontein,za,24.73,70.0,78.0,0.0,6.89,1579897088
153,153,66.42,udachnyy,ru,112.4,-27.4,82.0,100.0,6.71,1579897360
154,154,62.91,bud,no,6.91,37.4,68.0,75.0,32.21,1579897373
155,155,3.78,mahibadhoo,mv,72.97,81.97,81.0,73.0,18.21,1579897374
156,156,-17.73,tautira,pf,-149.15,87.8,66.0,20.0,4.7,1579897374
157,157,17.65,yarada,in,83.27,71.6,94.0,20.0,2.21,1579897374
158,158,-9.86,soe,id,124.28,74.86,86.0,100.0,3.2,1579897340
159,159,43.98,komsomolskiy,ru,46.7,29.95,67.0,0.0,8.66,1579896815
160,160,13.07,oistins,bb,-59.53,84.2,70.0,40.0,11.41,1579897132
161,161,28.37,naze,jp,129.48,64.4,100.0,100.0,1.12,1579897302
162,162,32.3,asfi,ma,-9.24,56.39,82.0,100.0,17.2,1579896968
163,163,4.93,cayenne,gf,-52.33,84.2,70.0,20.0,11.41,1579897310
164,164,6.12,hambantota,lk,81.12,79.9,76.0,0.0,23.42,1579896809
165,165,-21.36,saint-philippe,re,55.77,78.8,100.0,72.0,20.8,1579897301
166,166,-6.43,sokoni,tz,39.55,80.6,88.0,20.0,5.82,1579897375
167,167,-5.35,luebo,cd,21.42,72.81,63.0,66.0,1.1,1579897375
168,168,-15.77,kununurra,au,128.73,84.2,89.0,79.0,2.24,1579897375
169,169,19.37,west bay,ky,-81.42,80.6,61.0,40.0,9.17,1579897375
170,170,35.83,zurrieq,mt,14.47,57.2,82.0,40.0,12.75,1579897375
171,171,-31.43,port macquarie,au,152.92,73.99,94.0,90.0,1.12,1579897141
172,172,46.77,saint-pierre,pm,-56.17,28.4,74.0,20.0,11.41,1579897375
173,173,44.02,changji,cn,87.32,-0.4,84.0,40.0,2.24,1579897375
174,174,-0.95,luwuk,id,122.79,80.67,71.0,20.0,4.23,1579896816
175,175,48.96,murdochville,ca,-65.5,9.3,92.0,0.0,2.62,1579897375
176,176,-28.41,theunissen,za,26.7,66.11,66.0,100.0,2.57,1579897375
177,177,-43.3,rawson,ar,-65.1,73.94,43.0,100.0,16.2,1579897375
178,178,50.72,solnechnyy,ru,136.63,-14.26,76.0,73.0,3.8,1579897376
179,179,48.93,ucluelet,ca,-125.55,48.99,93.0,75.0,9.17,1579897376
180,180,-45.87,dunedin,nz,170.5,69.01,68.0,100.0,12.82,1579897111
181,181,-11.1,hualmay,pe,-77.61,81.14,51.0,84.0,9.8,1579897376
182,182,69.19,snezhnogorsk,ru,33.25,3.2,84.0,75.0,2.24,1579897376
183,183,35.41,jining,cn,116.58,37.27,52.0,100.0,1.79,1579897262
184,184,12.63,mamallapuram,in,80.17,77.0,88.0,20.0,5.12,1579897376
185,185,-17.5,katima mulilo,na,24.27,82.4,54.0,100.0,5.82,1579897376
186,186,33.47,dana point,us,-117.7,75.0,64.0,40.0,8.05,1579897376
187,187,-21.37,saint-joseph,re,55.62,78.8,100.0,100.0,20.8,1579897377
188,188,14.04,puerto cabezas,ni,-83.39,82.4,83.0,40.0,6.93,1579897377
189,189,41.76,korla,cn,86.15,11.52,83.0,84.0,1.23,1579897377
190,190,35.6,linxia,cn,103.21,17.15,73.0,2.0,1.14,1579897377
191,191,69.31,andenes,no,16.12,30.0,92.0,75.0,8.05,1579897377
192,192,72.79,upernavik,gl,-56.15,-13.31,96.0,73.0,5.01,1579897099
193,193,-14.27,sambava,mg,50.17,72.46,98.0,100.0,1.54,1579897337
194,194,9.49,bandarbeyla,so,50.81,79.11,84.0,100.0,18.86,1579897377
195,195,35.73,hasaki,jp,140.83,39.2,68.0,75.0,3.36,1579897121
196,196,-21.15,ikalamavony,mg,46.58,66.87,82.0,100.0,8.16,1579897377
197,197,-46.13,tuatapere,nz,167.68,59.0,96.0,100.0,7.0,1579897108
198,198,63.59,mayo,ca,-135.9,6.8,77.0,90.0,3.36,1579897378
199,199,60.92,narsaq,gl,-46.05,24.8,79.0,75.0,10.92,1579897378
200,200,11.67,port blair,in,92.75,79.66,71.0,31.0,12.75,1579897275
201,201,14.9,sao filipe,cv,-24.5,72.93,70.0,0.0,11.1,1579897378
202,202,29.06,teguise,es,-13.56,62.6,72.0,20.0,4.7,1579897378
203,203,-3.8,bengkulu,id,102.27,74.12,96.0,100.0,4.92,1579897378
204,204,57.05,sitka,us,-135.33,35.6,85.0,90.0,6.93,1579897378
205,205,-17.71,caravelas,br,-39.25,78.78,86.0,100.0,22.19,1579897378
206,206,-16.7,fare,pf,-151.02,82.31,78.0,14.0,13.78,1579897378
207,207,49.21,landau,de,8.11,36.0,88.0,90.0,3.67,1579897379
208,208,12.52,oranjestad,aw,-70.03,84.2,62.0,20.0,10.29,1579897323
209,209,41.56,marinhas,pt,-8.78,53.01,81.0,12.0,5.82,1579897379
210,210,-51.62,rio gallegos,ar,-69.22,62.6,55.0,40.0,21.92,1579897379
211,211,55.74,thompson,ca,-97.86,17.6,78.0,75.0,6.93,1579897171
212,212,11.47,qandala,so,49.87,74.3,79.0,61.0,1.39,1579897379
213,213,-36.72,talcahuano,cl,-73.12,75.2,50.0,0.0,18.34,1579897369
214,214,17.49,najran,sa,44.13,59.0,38.0,5.0,8.72,1579897379
215,215,-10.07,ruangwa,tz,38.93,70.66,95.0,67.0,2.91,1579897379
216,216,-39.03,general roca,ar,-67.58,93.2,15.0,0.0,8.05,1579897379
217,217,-9.66,waingapu,id,120.26,83.1,72.0,15.0,2.98,1579897379
218,218,-2.57,kavieng,pg,150.8,83.05,69.0,17.0,8.16,1579897380
219,219,32.5,farah,af,62.5,45.59,91.0,71.0,2.91,1579897380
220,220,37.5,murgab,tm,61.97,39.2,86.0,7.0,2.24,1579897380
221,221,43.41,north bend,us,-124.22,55.99,93.0,90.0,5.82,1579897380
222,222,-16.28,monze,zm,27.48,64.45,95.0,8.0,5.28,1579897380
223,223,43.8,kitami,jp,143.89,13.75,65.0,2.0,14.07,1579897380
224,224,64.5,nome,us,-165.41,-11.99,75.0,1.0,5.97,1579897380
225,225,10.07,asosa,et,34.53,67.28,32.0,31.0,7.52,1579897380
226,226,-16.48,faanui,pf,-151.75,82.24,78.0,0.0,14.47,1579897380
227,227,-33.7,chuy,uy,-53.46,80.91,52.0,0.0,7.31,1579897381
228,228,65.28,norman wells,ca,-126.83,-5.8,70.0,90.0,8.05,1579897381
229,229,2.82,boa vista,br,-60.67,93.2,38.0,75.0,9.17,1579897237
230,230,32.74,lamesa,us,-101.95,59.0,44.0,75.0,14.99,1579897381
231,231,17.02,salalah,om,54.09,77.0,73.0,20.0,4.7,1579897162
232,232,56.96,novobiryusinskiy,ru,97.71,30.33,93.0,100.0,9.31,1579897266
233,233,-34.48,rocha,uy,-54.33,84.27,41.0,0.0,6.35,1579897134
234,234,-16.96,caiaponia,br,-51.81,75.61,90.0,83.0,5.19,1579897191
235,235,-22.67,vao,nc,167.48,76.87,81.0,28.0,19.28,1579897381
236,236,35.76,maryville,us,-83.97,52.0,87.0,90.0,6.93,1579897274
237,237,-4.62,victoria,sc,55.45,84.2,83.0,75.0,3.36,1579897381
238,238,54.17,ust-uda,ru,103.03,4.48,91.0,76.0,6.02,1579897382
239,239,68.12,gravdal,no,13.5,30.2,80.0,40.0,5.82,1579897382
240,240,32.07,sangin,af,64.84,41.14,81.0,36.0,4.63,1579897382
241,241,-20.32,port hedland,au,118.57,82.4,88.0,0.0,6.08,1579897382
242,242,39.05,lagoa,pt,-27.98,59.25,74.0,100.0,13.65,1579897382
243,243,30.05,yuyao,cn,121.15,48.99,93.0,90.0,4.47,1579897382
244,244,71.97,khatanga,ru,102.5,-25.78,89.0,81.0,8.75,1579897382
245,245,63.44,vestmannaeyjar,is,-20.27,35.06,90.0,100.0,24.67,1579896814
246,246,50.15,pinawa,ca,-95.88,23.16,87.0,70.0,3.04,1579897382
247,247,-17.83,teahupoo,pf,-149.27,87.8,66.0,20.0,4.7,1579897382
248,248,18.2,les cayes,ht,-73.75,79.63,61.0,0.0,7.09,1579897382
249,249,60.12,uray,ru,64.78,5.85,96.0,97.0,6.49,1579897383
250,250,49.75,matagami,ca,-77.63,17.6,85.0,90.0,3.36,1579897383
251,251,29.03,jalu,ly,21.55,54.46,63.0,0.0,5.35,1579897383
252,252,48.66,horn,at,15.66,32.0,92.0,90.0,2.24,1579897383
253,253,-20.34,bambous virieux,mu,57.76,80.6,94.0,75.0,12.75,1579896812
254,254,66.15,pangnirtung,ca,-65.71,-27.4,67.0,20.0,2.55,1579897118
255,255,53.94,mnogovershinnyy,ru,139.92,-8.28,97.0,100.0,5.59,1579897383
256,256,-8.16,feijo,br,-70.35,74.66,97.0,100.0,0.94,1579897383
257,257,-20.41,mahebourg,mu,57.7,80.6,94.0,75.0,12.75,1579897383
258,258,64.89,olafsvik,is,-23.71,31.12,78.0,100.0,18.97,1579897383
259,259,28.12,adeje,es,-16.73,64.99,63.0,20.0,9.17,1579897384
260,260,69.01,kautokeino,no,23.04,7.34,79.0,7.0,3.51,1579897384
261,261,54.83,shumskiy,ru,99.13,20.82,79.0,100.0,4.32,1579897266
262,262,23.2,sehore,in,77.08,57.96,38.0,33.0,7.31,1579897384
263,263,-33.01,saldanha,za,17.94,68.0,77.0,0.0,2.24,1579897384
264,264,-3.67,namatanai,pg,152.43,82.96,78.0,10.0,13.04,1579897384
265,265,-9.11,atambua,id,124.89,75.52,81.0,98.0,2.33,1579897384
266,266,22.89,cabo san lucas,mx,-109.91,73.99,49.0,90.0,11.41,1579897254
267,267,68.75,cherskiy,ru,161.3,-39.3,99.0,14.0,3.18,1579897384
268,268,23.45,todos santos,mx,-110.22,73.99,49.0,90.0,11.41,1579897384
269,269,58.5,pankovka,ru,31.2,34.25,90.0,100.0,9.62,1579897384
270,270,71.04,mehamn,no,27.85,23.0,79.0,92.0,10.29,1579897092
271,271,-22.28,noumea,nc,166.46,78.01,73.0,90.0,5.82,1579897305
272,272,53.07,kachiry,kz,76.1,29.71,97.0,100.0,10.54,1579897385
273,273,-23.13,yeppoon,au,150.73,77.0,94.0,90.0,4.7,1579897249
274,274,-20.23,poum,nc,164.02,79.18,75.0,85.0,17.85,1579897385
275,275,42.78,muros,es,-9.06,51.01,93.0,40.0,1.12,1579897385
276,276,55.43,high prairie,ca,-116.49,33.44,96.0,91.0,1.25,1579897385
277,277,33.43,jand,pk,72.02,53.1,30.0,94.0,2.28,1579897385
278,278,60.72,whitehorse,ca,-135.05,8.01,84.0,90.0,10.29,1579897359
279,279,59.38,okhotsk,ru,143.3,-25.69,72.0,0.0,9.91,1579897385
280,280,12.18,san policarpo,ph,125.51,78.78,87.0,5.0,10.18,1579897385
281,281,-7.75,gondanglegi,id,112.01,74.53,92.0,10.0,0.85,1579897386
282,282,23.99,constitucion,mx,-104.67,63.0,23.0,75.0,5.82,1579896816
283,283,71.69,tiksi,ru,128.87,-32.46,88.0,0.0,5.86,1579897386
284,284,32.38,saint george,bm,-64.68,70.0,83.0,75.0,17.22,1579897386
285,285,-45.42,te anau,nz,167.72,58.44,98.0,100.0,1.19,1579897362
286,286,-22.09,tocopilla,cl,-70.2,66.76,78.0,69.0,11.03,1579897386
287,287,47.91,ulaanbaatar,mn,106.88,-18.4,68.0,0.0,2.24,1579897305
288,288,5.89,sabang,id,95.32,82.54,74.0,0.0,17.56,1579897386
289,289,27.59,kambar,pk,68.0,61.36,48.0,0.0,0.43,1579897386
290,290,39.82,dongsheng,cn,109.98,14.63,67.0,0.0,4.43,1579897386
291,291,61.12,kuznechnoye,ru,29.87,30.0,87.0,5.0,9.26,1579897387
292,292,78.22,longyearbyen,sj,15.64,6.8,55.0,20.0,27.51,1579897387
293,293,56.85,yantal,ru,105.25,16.83,92.0,100.0,9.98,1579897387
294,294,-20.52,souillac,mu,57.52,80.6,94.0,75.0,12.75,1579897117
295,295,-12.58,benguela,ao,13.41,78.8,83.0,40.0,4.7,1579897387
296,296,68.22,aklavik,ca,-135.01,-4.0,83.0,90.0,9.17,1579897387
297,297,-41.87,ancud,cl,-73.82,64.4,59.0,75.0,16.11,1579897387
298,298,32.67,ponta do sol,pt,-17.1,59.0,62.0,40.0,4.7,1579897387
299,299,59.33,karlskoga,se,14.52,39.2,80.0,3.0,11.41,1579897387
300,300,63.05,beringovskiy,ru,179.32,2.44,97.0,100.0,9.44,1579897388
301,301,-20.58,nosy varika,mg,48.53,72.84,93.0,97.0,7.09,1579897463
302,302,5.97,weligama,lk,80.42,73.13,86.0,1.0,7.87,1579897363
303,303,58.41,kosino,ru,51.28,11.5,95.0,100.0,6.71,1579897463
304,304,-13.7,pisco,pe,-76.22,71.6,30.0,75.0,10.29,1579897463
305,305,22.9,bahia honda,cu,-83.16,74.1,58.0,64.0,8.61,1579897463
306,306,5.79,anloga,gh,0.9,84.2,66.0,0.0,4.7,1579897463
307,307,-8.71,praya,id,116.27,65.48,87.0,19.0,2.95,1579897463
308,308,-14.54,nacala,mz,40.67,72.55,95.0,3.0,5.73,1579897464
309,309,39.04,koson,uz,65.58,39.2,93.0,0.0,2.24,1579897464
310,310,61.99,paamiut,gl,-49.67,15.94,78.0,100.0,22.53,1579897464
311,311,52.44,sulecin,pl,15.12,33.01,75.0,100.0,8.05,1579897464
312,312,65.42,maniitsoq,gl,-52.9,11.8,77.0,100.0,11.23,1579897464
313,313,66.77,zhigansk,ru,123.37,-43.58,96.0,57.0,9.1,1579897464
314,314,42.16,palmer,us,-72.33,46.99,36.0,20.0,4.16,1579897464
315,315,40.77,mastic beach,us,-72.85,50.0,45.0,1.0,4.7,1579897464
316,316,47.67,torbay,ca,-52.73,28.99,68.0,75.0,12.75,1579897464
317,317,20.52,atar,mr,-13.05,74.79,17.0,100.0,6.91,1579897464
318,318,-19.61,dondo,mz,34.74,71.02,96.0,7.0,1.16,1579897465
319,319,33.08,camacha,pt,-16.33,60.8,63.0,40.0,16.11,1579897465
320,320,19.8,puri,in,85.85,66.2,77.0,40.0,4.07,1579897465
321,321,69.49,talnakh,ru,88.4,6.8,77.0,100.0,13.42,1579897465
322,322,20.86,teknaf,bd,92.31,51.94,56.0,20.0,2.8,1579897465
323,323,38.24,locri,it,16.26,59.0,71.0,40.0,9.17,1579897465
324,324,50.23,havre-saint-pierre,ca,-63.6,12.2,51.0,1.0,8.05,1579897465
325,325,61.56,krasnoborsk,ru,45.93,10.8,96.0,99.0,4.47,1579897465
326,326,-21.64,sao joao da barra,br,-41.05,77.0,94.0,90.0,13.96,1579897466
327,327,15.13,vila do maio,cv,-23.22,77.0,47.0,56.0,17.22,1579897466
328,328,33.07,porto santo,pt,-16.34,60.8,63.0,40.0,16.11,1579897466
329,329,60.14,nanortalik,gl,-45.24,23.25,79.0,100.0,25.46,1579897246
330,330,22.24,dwarka,in,68.97,72.09,55.0,39.0,7.43,1579897433
331,331,-14.17,santa rosa,bo,-66.88,95.0,50.0,20.0,9.17,1579897466
332,332,54.67,svetlyy,ru,20.13,41.0,93.0,90.0,17.9,1579897466
333,333,53.71,szczecinek,pl,16.7,35.01,95.0,62.0,9.35,1579897466
334,334,40.43,west lafayette,us,-86.91,41.0,100.0,90.0,5.01,1579897288
335,335,-20.74,karratha,au,116.85,84.06,77.0,19.0,13.73,1579897365
336,336,50.1,krasnokamensk,ru,118.04,-12.69,86.0,0.0,2.93,1579897466
337,337,53.22,drayton valley,ca,-114.99,33.51,98.0,100.0,3.36,1579897467
338,338,70.86,berlevag,no,29.09,15.8,85.0,40.0,3.36,1579897467
339,339,42.78,kemin,kg,75.69,24.64,88.0,98.0,3.0,1579897467
340,340,59.78,otradnoye,ru,30.82,35.01,86.0,75.0,11.18,1579897467
341,341,59.36,visnes,no,5.22,43.0,81.0,40.0,13.87,1579897467
342,342,-31.9,taree,au,152.47,75.0,94.0,90.0,2.71,1579897467
343,343,60.72,qaqortoq,gl,-46.03,24.8,79.0,75.0,27.56,1579897467
344,344,-0.19,puerto leguizamo,co,-74.78,85.28,67.0,100.0,4.27,1579897360
345,345,-31.47,calvinia,za,19.78,68.05,49.0,0.0,9.53,1579897467
346,346,-12.74,vilhena,br,-60.15,75.2,83.0,75.0,13.87,1579897417
347,347,66.56,aksarka,ru,67.8,1.13,97.0,100.0,3.94,1579897468
348,348,-9.07,bom jesus,br,-44.36,79.47,74.0,97.0,3.71,1579897284
349,349,-17.74,joao pinheiro,br,-46.17,71.42,95.0,100.0,8.21,1579897468
350,350,56.54,tyukhtet,ru,89.3,28.81,96.0,100.0,10.87,1579897266
351,351,25.75,adrar,dz,-1.0,68.23,21.0,100.0,9.51,1579897468
352,352,62.58,kurikka,fi,22.42,35.6,69.0,67.0,9.17,1579897469
353,353,53.87,cuxhaven,de,8.69,39.99,93.0,90.0,9.17,1579897469
354,354,-38.33,portland,au,141.6,61.47,88.0,23.0,17.78,1579897469
355,355,12.35,yorosso,ml,-4.78,79.21,8.0,1.0,11.34,1579897469
356,356,42.75,teo,es,-8.5,54.0,93.0,40.0,1.12,1579897469
357,357,23.17,nuevo progreso,mx,-97.95,75.0,72.0,70.0,8.99,1579897469
358,358,-15.2,namibe,ao,12.15,74.66,79.0,21.0,10.65,1579897469
359,359,5.66,mana,gf,-53.78,80.2,72.0,44.0,5.75,1579897469
360,360,43.42,llanes,es,-4.75,50.0,10.0,90.0,4.92,1579897469
361,361,-3.54,vargem grande,br,-43.92,77.81,95.0,100.0,3.58,1579897469
362,362,-19.57,grootfontein,na,18.12,68.13,79.0,87.0,6.6,1579897470
363,363,8.01,upata,ve,-62.4,87.51,41.0,19.0,3.47,1579897470
364,364,-28.77,geraldton,au,114.6,60.8,77.0,33.0,5.82,1579897470
365,365,35.57,semnan,ir,53.4,33.33,51.0,0.0,7.36,1579897470
366,366,-33.13,rio cuarto,ar,-64.35,89.6,35.0,40.0,12.75,1579897470
367,367,-43.53,christchurch,nz,172.63,80.01,93.0,100.0,8.05,1579897372
368,368,-28.48,laguna,br,-48.78,70.54,96.0,7.0,2.66,1579897470
369,369,67.68,iskateley,ru,53.15,-5.76,99.0,99.0,3.51,1579897470
370,370,-26.98,orkney,za,26.67,64.02,69.0,99.0,4.76,1579897470
371,371,-6.12,kiunga,pg,141.29,73.33,99.0,84.0,0.72,1579897546
372,372,8.4,la palma,pa,-78.15,84.34,64.0,94.0,10.31,1579897546
373,373,56.35,severnoye,ru,78.36,28.89,94.0,100.0,8.75,1579897546
374,374,5.03,zemio,cf,25.14,69.66,26.0,100.0,5.73,1579897546
375,375,-38.55,necochea,ar,-58.74,75.99,76.0,0.0,4.0,1579897546
376,376,51.5,engels,ru,46.12,25.0,80.0,100.0,5.01,1579897443
377,377,31.22,alexandria,eg,29.96,55.4,50.0,40.0,6.93,1579897531
378,378,-6.22,kieta,pg,155.63,81.54,75.0,33.0,4.18,1579897546
379,379,14.35,filingue,ne,3.32,76.05,9.0,59.0,10.74,1579897546
380,380,30.48,san quintin,mx,-115.95,63.32,69.0,100.0,7.76,1579897547
381,381,18.93,sompeta,in,84.6,64.81,81.0,93.0,2.42,1579897547
382,382,36.73,qunduz,af,68.86,38.23,78.0,92.0,3.36,1579897547
383,383,-13.88,sola,vu,167.55,81.61,80.0,19.0,15.68,1579897547
384,384,-17.97,broome,au,122.23,84.2,83.0,75.0,9.17,1579897547
385,385,48.38,senneterre,ca,-77.23,26.6,86.0,75.0,5.82,1579897547
386,386,67.63,batagay,ru,134.63,-40.76,93.0,51.0,1.54,1579897547
387,387,20.15,akyab,mm,92.9,63.01,48.0,80.0,12.88,1579897547
388,388,-17.47,vavatenina,mg,49.2,69.91,98.0,100.0,0.98,1579897547
389,389,33.07,hanzhong,cn,107.03,36.39,91.0,91.0,0.34,1579897547
390,390,23.63,mawlaik,mm,94.42,49.17,59.0,10.0,1.83,1579897548
391,391,65.82,turukhansk,ru,87.98,17.37,94.0,100.0,9.35,1579897548
392,392,63.84,grindavik,is,-22.43,33.8,82.0,90.0,21.92,1579897548
393,393,20.89,kahului,us,-156.47,78.8,65.0,1.0,4.7,1579897548
394,394,26.62,high rock,bs,-78.28,69.8,88.0,75.0,3.36,1579897548
395,395,40.52,craig,us,-107.55,33.8,91.0,1.0,1.66,1579897548
396,396,58.21,stornoway,gb,-6.39,46.99,100.0,75.0,21.92,1579897548
397,397,13.49,la libertad,sv,-89.32,87.8,58.0,40.0,9.17,1579897548
398,398,65.11,kozhva,ru,57.05,-1.53,97.0,93.0,3.87,1579897548
399,399,60.57,nesbyen,no,9.1,33.01,68.0,13.0,10.0,1579897549
400,400,16.02,kerur,in,75.57,68.99,40.0,98.0,8.12,1579897549
401,401,50.35,kyakhta,ru,106.45,-6.03,90.0,0.0,3.91,1579897549
402,402,24.7,islamkot,pk,70.18,63.93,28.0,68.0,3.27,1579897549
403,403,51.68,kyren,ru,102.14,6.6,71.0,4.0,8.93,1579897549
404,404,18.42,road town,vg,-64.62,75.2,88.0,90.0,11.34,1579897549
405,405,-6.48,cuite,br,-36.15,80.29,60.0,100.0,10.89,1579897549
406,406,48.65,bonavista,ca,-53.11,19.81,68.0,38.0,19.8,1579897549
407,407,-0.09,booue,ga,11.94,75.24,78.0,42.0,2.91,1579897549
408,408,4.95,sassandra,ci,-6.08,80.22,86.0,21.0,6.13,1579897550
409,409,34.17,leh,in,77.58,-6.02,80.0,97.0,3.74,1579897375
410,410,67.47,tazovskiy,ru,78.7,2.93,96.0,94.0,6.58,1579897550
411,411,52.05,mazyr,by,29.25,34.09,80.0,100.0,13.49,1579897550
412,412,-10.88,chiungutwa,tz,38.98,72.46,97.0,65.0,2.44,1579897550
413,413,-35.26,russell,nz,174.12,73.0,85.0,1.0,1.01,1579897550
414,414,55.72,yurga,ru,84.89,27.75,96.0,100.0,13.89,1579897550
415,415,34.41,isla vista,us,-119.86,73.0,63.0,1.0,6.93,1579897550
416,416,63.28,nyurba,ru,118.33,-29.76,95.0,99.0,6.71,1579897551
417,417,-6.15,mbuji-mayi,cd,23.6,75.94,70.0,59.0,3.02,1579897551
418,418,-0.87,manokwari,id,134.08,72.16,77.0,29.0,2.89,1579897398
419,419,16.89,mindelo,cv,-24.98,75.2,60.0,0.0,11.41,1579897551
420,420,-8.01,olinda,br,-34.86,84.2,74.0,75.0,5.82,1579897551
421,421,53.53,stony plain,ca,-114.0,39.0,74.0,75.0,11.41,1579897504
422,422,-31.59,umtata,za,28.78,64.4,82.0,100.0,5.82,1579897551
423,423,26.33,buraydah,sa,43.98,50.0,20.0,0.0,8.05,1579897551
424,424,-11.21,sumbe,ao,13.84,76.19,89.0,64.0,2.84,1579897551
425,425,-7.38,kawalu,id,108.21,71.01,92.0,100.0,1.34,1579897551
426,426,53.45,ust-barguzin,ru,108.98,-5.85,88.0,64.0,4.65,1579897551
427,427,-33.04,valparaiso,cl,-71.63,71.6,60.0,24.0,11.41,1579897552
428,428,60.34,vanavara,ru,102.28,12.51,96.0,100.0,4.45,1579897552
429,429,63.87,nadvoitsy,ru,34.32,20.1,93.0,99.0,7.9,1579897552
430,430,36.85,virginia beach,us,-75.98,63.0,71.0,90.0,5.82,1579897520
431,431,27.91,santa lucia,es,-15.54,63.0,63.0,20.0,3.36,1579897552
432,432,37.7,dublin,us,-121.94,66.2,68.0,1.0,6.93,1579897282
433,433,57.13,znamenskoye,ru,73.83,16.43,97.0,100.0,1.81,1579897552
434,434,56.91,chara,ru,118.26,-18.51,76.0,1.0,1.3,1579897552
435,435,33.06,wencheng,cn,113.8,34.88,95.0,100.0,12.01,1579897552
436,436,18.33,ha tinh,vn,105.9,73.38,88.0,79.0,12.57,1579897552
437,437,43.32,nemuro,jp,145.57,19.96,84.0,97.0,23.09,1579897552
438,438,-36.83,whitianga,nz,175.7,71.01,77.0,35.0,4.0,1579897316
439,439,61.32,ovre ardal,no,7.8,33.8,86.0,90.0,35.57,1579897553
440,440,44.16,zharkent,kz,80.0,28.49,77.0,100.0,7.96,1579897553
441,441,-8.74,kamina,cd,24.99,65.41,94.0,100.0,1.48,1579897553
442,442,40.13,chester,us,-75.87,55.99,50.0,90.0,10.29,1579897401
443,443,-5.15,limoeiro do norte,br,-38.1,84.7,55.0,94.0,8.21,1579897553
444,444,-22.43,moerai,pf,-151.33,80.29,78.0,66.0,8.97,1579897553
445,445,16.86,acapulco,mx,-99.89,87.8,58.0,20.0,5.82,1579897506
446,446,22.67,cao bang,vn,106.25,59.85,96.0,100.0,4.68,1579897553
447,447,-16.27,san javier,bo,-62.5,87.8,89.0,40.0,13.87,1579897553
448,448,36.12,stillwater,us,-97.06,52.0,52.0,1.0,8.05,1579897553
449,449,37.15,yatou,cn,122.38,35.83,58.0,100.0,17.2,1579897554
450,450,-35.34,swan hill,au,143.55,63.99,60.0,47.0,4.25,1579897554
451,451,48.55,stephenville,ca,-58.58,19.4,62.0,20.0,4.7,1579897554
452,452,62.23,klaksvik,fo,-6.59,39.2,86.0,100.0,11.41,1579897554
453,453,35.55,sakaiminato,jp,133.23,44.6,75.0,75.0,13.87,1579897554
454,454,-35.1,kaeo,nz,173.78,73.0,100.0,0.0,1.99,1579897554
455,455,48.59,shubarshi,kz,57.19,6.53,97.0,62.0,10.4,1579897554
456,456,24.47,abu dhabi,ae,54.37,64.4,77.0,5.0,2.24,1579897554
457,457,-8.84,luanda,ao,13.23,82.4,74.0,75.0,9.17,1579897510
458,458,-5.09,paita,pe,-81.11,62.6,100.0,98.0,14.99,1579897630
459,459,69.38,leningradskiy,ru,178.42,-23.28,73.0,0.0,1.54,1579897630
460,460,-11.38,mitsamiouli,km,43.28,75.2,100.0,40.0,4.7,1579897630
461,461,-23.53,emerald,au,148.17,77.0,100.0,75.0,4.7,1579897355
462,462,16.17,salina cruz,mx,-95.2,80.19,69.0,0.0,23.49,1579897630
463,463,37.72,vila franca do campo,pt,-25.43,55.4,76.0,75.0,6.93,1579897630
464,464,7.98,eyl,so,49.82,79.23,85.0,99.0,21.85,1579897344
465,465,49.98,kulynychi,ua,36.38,32.0,92.0,90.0,11.18,1579897443
466,466,50.73,romny,ru,129.29,-18.98,93.0,0.0,1.23,1579897630
467,467,53.05,petropavlovsk-kamchatskiy,ru,158.65,10.4,60.0,100.0,2.24,1579897594
468,468,29.05,sahuaripa,mx,-109.23,69.76,31.0,85.0,5.84,1579897630
469,469,50.01,beauchamps,fr,1.52,34.0,100.0,0.0,8.05,1579897631
470,470,-36.62,coihueco,cl,-71.83,93.2,15.0,0.0,17.22,1579897631
471,471,-31.54,san juan,ar,-68.54,98.47,17.0,99.0,15.86,1579897631
472,472,4.18,bosobolo,cd,19.9,70.83,23.0,100.0,2.39,1579897631
473,473,-1.57,omboue,ga,9.26,76.95,92.0,39.0,2.53,1579897631
474,474,-32.82,paso de los toros,uy,-56.52,87.31,34.0,0.0,8.12,1579897631
475,475,37.57,seoul,kr,126.98,32.0,86.0,40.0,2.42,1579897517
476,476,18.47,davila,ph,120.58,76.87,74.0,82.0,11.5,1579897631
477,477,23.63,ramgarh,in,85.52,51.8,66.0,0.0,5.79,1579897632
478,478,49.63,carlyle,ca,-102.27,21.2,92.0,1.0,10.29,1579897632
479,479,51.5,ozernovskiy,ru,156.52,5.49,90.0,100.0,7.0,1579897632
480,480,14.46,illela,ne,5.24,77.0,5.0,11.0,6.93,1579897632
481,481,59.24,ossora,ru,163.07,13.48,90.0,100.0,26.89,1579897632
482,482,38.93,zhangye,cn,100.45,23.07,38.0,88.0,6.02,1579897632
483,483,42.06,akdepe,tm,59.38,32.0,68.0,100.0,2.24,1579897632
484,484,-9.43,honiara,sb,159.95,75.2,100.0,40.0,1.95,1579897632
485,485,24.03,cockburn town,bs,-74.52,74.03,70.0,0.0,13.2,1579897632
486,486,64.57,ust-nera,ru,143.2,-46.68,100.0,78.0,1.54,1579897633
487,487,52.85,radishchevo,ru,47.88,19.45,90.0,100.0,19.37,1579897633
488,488,-3.32,bandundu,cd,17.37,78.37,60.0,65.0,1.97,1579897633
489,489,40.33,johnstown,us,-78.92,46.0,84.0,90.0,10.29,1579897633
490,490,-12.35,lobito,ao,13.55,78.8,83.0,40.0,4.7,1579897633
491,491,-31.38,salto,uy,-57.97,86.0,55.0,75.0,5.82,1579897446
492,492,54.56,tulun,ru,100.58,17.28,81.0,100.0,4.85,1579897633
493,493,12.58,san andres,co,-81.7,82.4,61.0,40.0,9.17,1579897633
494,494,51.23,saint-augustin,ca,-58.65,6.19,73.0,0.0,13.8,1579897633
495,495,-0.9,san cristobal,ec,-89.62,80.6,78.0,40.0,13.87,1579897633
496,496,-25.19,rio branco do sul,br,-49.31,70.0,68.0,75.0,16.11,1579897634
497,497,55.93,esso,ru,158.7,-8.52,96.0,100.0,5.35,1579897634
498,498,34.02,balad,iq,44.15,49.84,74.0,100.0,16.82,1579897634
499,499,64.25,hofn,is,-15.21,33.8,55.0,20.0,8.05,1579897634
500,500,63.32,lieksa,fi,30.02,27.19,89.0,85.0,8.7,1579897634
501,501,42.87,pocatello,us,-112.45,37.99,86.0,90.0,7.29,1579897587
502,502,41.25,chardara,kz,67.97,40.89,83.0,50.0,5.73,1579897635
503,503,-8.1,gizo,sb,156.84,79.54,84.0,26.0,6.85,1579897635
504,504,9.54,ko samui,th,99.94,80.13,72.0,67.0,11.97,1579897635
505,505,-8.18,tocache,pe,-76.51,76.3,84.0,71.0,0.83,1579897635
506,506,-6.75,ngerengere,tz,38.12,75.2,94.0,75.0,2.82,1579897636
507,507,50.2,sept-iles,ca,-66.38,17.6,52.0,20.0,3.36,1579897409
508,508,35.85,chitral,pk,71.79,11.93,91.0,100.0,1.66,1579897636
509,509,26.18,nishihara,jp,127.76,71.6,88.0,75.0,6.93,1579897636
510,510,30.37,pascagoula,us,-88.56,66.2,34.0,1.0,4.7,1579897615
511,511,51.1,derzhavinsk,kz,66.32,12.06,95.0,98.0,12.88,1579897636
512,512,22.83,amlagora,in,87.33,55.06,41.0,0.0,4.0,1579897636
513,513,29.6,shiraz,ir,52.54,32.0,55.0,0.0,1.79,1579897512
514,514,38.2,lixourion,gr,20.43,57.65,71.0,100.0,3.6,1579897636
515,515,-0.22,boende,cd,20.87,75.85,31.0,98.0,3.76,1579897636
516,516,59.64,homer,us,-151.55,15.8,60.0,1.0,13.82,1579897637
517,517,-10.17,kupang,id,123.58,82.99,73.0,100.0,1.9,1579897346
518,518,21.39,nanakuli,us,-158.15,78.01,65.0,1.0,5.82,1579897338
519,519,-12.49,palmerston,au,130.98,84.2,83.0,20.0,8.05,1579897637
520,520,-19.06,alofi,nu,-169.92,81.75,83.0,100.0,14.76,1579897637
521,521,36.21,neyshabur,ir,58.8,31.59,65.0,0.0,4.14,1579897637
522,522,66.03,inta,ru,60.17,2.12,95.0,98.0,10.47,1579897637
523,523,70.98,honningsvag,no,25.97,23.0,79.0,99.0,10.29,1579897637
524,524,-20.15,bulawayo,zw,28.58,66.9,78.0,89.0,11.45,1579897637
525,525,-25.4,taltal,cl,-70.48,73.51,70.0,8.0,6.67,1579897637
526,526,22.68,taoudenni,ml,-3.98,78.22,16.0,100.0,7.76,1579897638
527,527,50.7,port hardy,ca,-127.42,46.4,100.0,75.0,2.24,1579897638
528,528,57.34,rameshki,ru,36.05,32.2,93.0,100.0,7.54,1579897638
529,529,20.7,ixtapa,mx,-105.2,81.0,69.0,20.0,9.17,1579897638
530,530,-14.8,cuamba,mz,36.54,67.1,92.0,80.0,5.79,1579897638
